timestamp,original_artist,original_title,remix_info,platform,found_artist,found_title,url,price
00:10:00,Regis,A Hollow Moment,[Downwards],Bandcamp,"from Draw The Line. SEMANTICA 150
                                                    Regis",A Hollow Moment (Dub Version),https://semanticarecords.bandcamp.com/track/a-hollow-moment-dub-version?from=search&search_item_id=1055001916&search_item_type=t&search_match_part=%3F&search_page_id=4854873334&search_page_no=1&search_rank=1&search_sig=e1d6e92b1cdbda65d34215088b2f489c,
00:14:00,Underworld & Ø [Phase],Give Me The Room,,Bandcamp,"from DRIFT Episode 5: GAME
                                                    Underworld & Ø [Phase]",Give Me The Room,https://underworld.bandcamp.com/track/give-me-the-room?from=search&search_item_id=4023387250&search_item_type=t&search_match_part=%3F&search_page_id=4854873684&search_page_no=1&search_rank=1&search_sig=71a4083edf0d44c8825017b51803380c,
00:14:00,Underworld & Ø [Phase],Give Me The Room,,Bandcamp,"from DRIFT Series 1 -  Complete
                                                    Underworld & Ø [Phase]",Give Me The Room,https://underworld.bandcamp.com/track/give-me-the-room-2?from=search&search_item_id=2862093020&search_item_type=t&search_match_part=%3F&search_page_id=4854873684&search_page_no=1&search_rank=2&search_sig=584484bd9a751e335505efa1744ca39a,
00:22:00,Dean Grenier,Radiant Damage,[Omnidisc],Bandcamp,"from Sweet Dreams [OMD025]
                                                    Dean Grenier",Radiant Damage,https://omnidisc.bandcamp.com/track/radiant-damage?from=search&search_item_id=489290857&search_item_type=t&search_match_part=%3F&search_page_id=4854874080&search_page_no=1&search_rank=1&search_sig=f8572da21de7e9cf4ab1d2d630a86a74,
00:26:00,Linear System,Microbians,[Observant],Bandcamp,"from Linear System - Organism
                                                    Observant",Linear System - Microbians,https://obsmus.bandcamp.com/track/linear-system-microbians?from=search&search_item_id=2767030413&search_item_type=t&search_match_part=%3F&search_page_id=4854874542&search_page_no=1&search_rank=1&search_sig=7e965febbd639221d7a3eb2ddfc1f6fc,
00:29:00,Vel,Eh Lof Live Real,In Aeternam Vale Remix [Unusual],Bandcamp,"from Who By Fire
                                                    Vel",Eh Lof Live Real,https://velmuse.bandcamp.com/track/eh-lof-live-real?from=search&search_item_id=3394197968&search_item_type=t&search_match_part=%3F&search_page_id=4854874916&search_page_no=1&search_rank=1&search_sig=8fb07b190457d13ecc481bac9a5cbf6a,
00:29:00,Vel,Eh Lof Live Real,In Aeternam Vale Remix [Unusual],Bandcamp,"from Who By Fire
                                                    Vel",Eh Lof Live Real (In Aeternam Vale Remix),https://velmuse.bandcamp.com/track/eh-lof-live-real-in-aeternam-vale-remix?from=search&search_item_id=3857605900&search_item_type=t&search_match_part=%3F&search_page_id=4854874916&search_page_no=1&search_rank=2&search_sig=c59b4fdc52cffc320e8b88e18eace7d6,
00:32:00,Bambounou,TFTT,[AD],Bandcamp,"from 033
                                                    Bambounou",TFTT,https://bambounouofficial.bandcamp.com/track/tftt?from=search&search_item_id=2202608930&search_item_type=t&search_match_part=%3F&search_page_id=4854875380&search_page_no=1&search_rank=1&search_sig=e22195910c71786fa8051d028bcfea13,
00:38:00,Dean Grenier,Nowhere Man,[Omnidisc],Bandcamp,"from Sweet Dreams [OMD025]
                                                    Dean Grenier",Nowhere Man,https://omnidisc.bandcamp.com/track/nowhere-man?from=search&search_item_id=1656686606&search_item_type=t&search_match_part=%3F&search_page_id=4854875818&search_page_no=1&search_rank=1&search_sig=0f016999a69e60ae80bf3ee1b95c1909,
00:46:00,Sebastian Kramer,Live Reaction,Spirit [Content],Bandcamp,"from Principles & Tactics (Remastered)
                                                    Sebastian Kramer",Live Reaction (Body),https://redshape.bandcamp.com/track/live-reaction-body?from=search&search_item_id=2476246777&search_item_type=t&search_match_part=%3F&search_page_id=4854876104&search_page_no=1&search_rank=1&search_sig=c7cab53bbf9949dac22be1beb69ba1ba,
00:46:00,Sebastian Kramer,Live Reaction,Spirit [Content],Bandcamp,"from Principles & Tactics (Remastered)
                                                    Sebastian Kramer",Live Reaction (Spirit),https://redshape.bandcamp.com/track/live-reaction-spirit?from=search&search_item_id=2917553667&search_item_type=t&search_match_part=%3F&search_page_id=4854876104&search_page_no=1&search_rank=2&search_sig=aff7fd1835b1361b69e9e74991834731,
00:50:00,Gaetano Parisio & Gaetek,Vesuvius E.P B2,Deetron Remix [Conform],No results found,,,,
00:54:00,Pris,Corruption,[Empathy],Bandcamp,"from New Babylon
                                                    Pris",Corruption,https://empathycorp.bandcamp.com/track/corruption?from=search&search_item_id=205655393&search_item_type=t&search_match_part=%3F&search_page_id=4854876984&search_page_no=1&search_rank=1&search_sig=e9d01f1305818df9fa45e054f82a2167,
00:54:00,Pris,Corruption,[Empathy],Bandcamp,"from New Babylon
                                                    Pris",Corruption,https://resinstore.bandcamp.com/track/corruption?from=search&search_item_id=163556295&search_item_type=t&search_match_part=%3F&search_page_id=4854876984&search_page_no=1&search_rank=2&search_sig=aec4a6668fb6fc845230e79b81363d46,
00:54:00,Pris,Corruption,[Empathy],Bandcamp,"from Iris
                                                    Crictox",Corrupción,https://crictox.bandcamp.com/track/corrupci-n?from=search&search_item_id=1997573332&search_item_type=t&search_match_part=%3F&search_page_id=4854876984&search_page_no=1&search_rank=3&search_sig=3def1313517b0efe013447edc488b890,
00:59:00,Plural,Your Light Is Weak,FBK Remix [Northern Parallels],Bandcamp,"from Various Artists - Best Of Northern Parallels - Volume 1
                                                    Northern Parallels",Plural - Your Light Is Weak (FBK Remix),https://northernparallelsrec.bandcamp.com/track/plural-your-light-is-weak-fbk-remix?from=search&search_item_id=518302621&search_item_type=t&search_match_part=%3F&search_page_id=4854877369&search_page_no=1&search_rank=1&search_sig=1f20b28e01512baaeedb777a17a60609,
01:02:00,A Thousand Details,Skulls And Gulls,Space Modular Remix [Diffuse Reality],Bandcamp,"from A Thousand Details with remixes from Głós, Space Modular & 543ff
                                                    Diffuse Reality Records",Skulls and Gulls (Space Modular Remix),https://diffusereality.bandcamp.com/track/skulls-and-gulls-space-modular-remix?from=search&search_item_id=1555542600&search_item_type=t&search_match_part=%3F&search_page_id=4854877818&search_page_no=1&search_rank=1&search_sig=b738ebde94a4c4436fee130e35370869,
01:02:00,A Thousand Details,Skulls And Gulls,Space Modular Remix [Diffuse Reality],Bandcamp,"from A Thousand Details with remixes from Głós, Space Modular & 543ff
                                                    Diffuse Reality Records",Skulls and Gulls (543ff Mix),https://diffusereality.bandcamp.com/track/skulls-and-gulls-543ff-mix?from=search&search_item_id=3812221874&search_item_type=t&search_match_part=%3F&search_page_id=4854877818&search_page_no=1&search_rank=2&search_sig=1f269fad79afd6fb97ca83feaf037a9b,
01:02:00,A Thousand Details,Skulls And Gulls,Space Modular Remix [Diffuse Reality],Bandcamp,"from A Thousand Details with remixes from Głós, Space Modular & 543ff
                                                    Diffuse Reality Records",Skulls and Gulls,https://diffusereality.bandcamp.com/track/skulls-and-gulls?from=search&search_item_id=1279207251&search_item_type=t&search_match_part=%3F&search_page_id=4854877818&search_page_no=1&search_rank=3&search_sig=7af96bc9a9fda00c7b657cfc3df379a0,
01:06:00,Flore,Coded Language,Hodge Remix [Polaar],Bandcamp,"from RITUALS
                                                    Flore",Coded Language,https://floremusic.bandcamp.com/track/coded-language?from=search&search_item_id=368324908&search_item_type=t&search_match_part=%3F&search_page_id=4854878197&search_page_no=1&search_rank=1&search_sig=e89d27247771a44c1ebc92a0c551e889,
01:06:00,Flore,Coded Language,Hodge Remix [Polaar],Bandcamp,"from Rituals Remixes, Pt. 1
                                                    Flore",Coded Language (3Phaz Remix),https://floremusic.bandcamp.com/track/coded-language-3phaz-remix?from=search&search_item_id=586812161&search_item_type=t&search_match_part=%3F&search_page_id=4854878197&search_page_no=1&search_rank=2&search_sig=9413254b2d0c47e637a1d355ec795a88,
01:06:00,Flore,Coded Language,Hodge Remix [Polaar],Bandcamp,"from Rituals Remixes, Pt. 1
                                                    Flore",Coded Language (Walton Remix),https://floremusic.bandcamp.com/track/coded-language-walton-remix?from=search&search_item_id=3351268088&search_item_type=t&search_match_part=%3F&search_page_id=4854878197&search_page_no=1&search_rank=3&search_sig=09836ea757be6f8390302de7d5e1dbdd,
01:10:00,Cøncenträte,Timewarp,Developer Remix [Gynoid],Bandcamp,"from Semantika EP
                                                    Cøncenträte",Timewarp,https://gynoidaudio.bandcamp.com/track/timewarp?from=search&search_item_id=453164367&search_item_type=t&search_match_part=%3F&search_page_id=4854878604&search_page_no=1&search_rank=1&search_sig=f9a16b5237d24740772ab330bfc3f2e9,
01:10:00,Cøncenträte,Timewarp,Developer Remix [Gynoid],Bandcamp,"from Semantika EP
                                                    Cøncenträte",Timewarp (Developer Remix),https://gynoidaudio.bandcamp.com/track/timewarp-developer-remix?from=search&search_item_id=1046380578&search_item_type=t&search_match_part=%3F&search_page_id=4854878604&search_page_no=1&search_rank=2&search_sig=7bb5a394191514e125f979bd399cfa3e,
01:13:00,Blue Hour,Flow State,Falling Apart's 'Speed Attack' Remix,Bandcamp,Blue Hour,Flow State,https://bluehour909.bandcamp.com/album/flow-state?from=search&search_item_id=3129308560&search_item_type=a&search_match_part=%3F&search_page_id=4854879065&search_page_no=1&search_rank=1&search_sig=ba28255f005412ad23b90d1291848724,
01:13:00,Blue Hour,Flow State,Falling Apart's 'Speed Attack' Remix,Bandcamp,"from Remixed [03]
                                                    Blue Hour (incl. Ben Sims, Operator, CTRLS, Truncate Remixes)",Flow State (Ben Sim's Remix),https://bluehour909.bandcamp.com/track/flow-state-ben-sims-remix-2?from=search&search_item_id=3750442270&search_item_type=t&search_match_part=%3F&search_page_id=4854879065&search_page_no=1&search_rank=2&search_sig=7f02425a583f73dbcc088659bda3e2a7,
01:13:00,Blue Hour,Flow State,Falling Apart's 'Speed Attack' Remix,Bandcamp,"from Remixed [05]
                                                    Blue Hour (incl. Julian Muller, Adlas, Tranceman2000, 3KZ Remixes)",Flow State (Adlas Remix),https://bluehour909.bandcamp.com/track/flow-state-adlas-remix-2?from=search&search_item_id=1347750118&search_item_type=t&search_match_part=%3F&search_page_id=4854879065&search_page_no=1&search_rank=3&search_sig=adb4ac6f30adc0c551677de8ec006f30,
01:17:00,Jennifer Loveless,Syzgyzy,Scissor Me [Butter Sessions],Bandcamp,"from Water
                                                    Jennifer Loveless",Syzygy (Scissor Me),https://jenniferloveless.bandcamp.com/track/syzygy-scissor-me?from=search&search_item_id=2120945974&search_item_type=t&search_match_part=%3F&search_page_id=4854879404&search_page_no=1&search_rank=1&search_sig=5aecc2daf9b72ffe8631d0d99425370b,
01:22:00,Stanislav Tolkachev,There Is No Cure,[Token],Bandcamp,Stanislav Tolkachev,There Is No Cure,https://stanislavtolkachev.bandcamp.com/album/there-is-no-cure?from=search&search_item_id=1775460712&search_item_type=a&search_match_part=%3F&search_page_id=4854879909&search_page_no=1&search_rank=1&search_sig=6866d95d2c532d387ad39bb5512aad00,
01:22:00,Stanislav Tolkachev,There Is No Cure,[Token],Bandcamp,"from There Is No Cure
                                                    Stanislav Tolkachev",Delayed Gratification,https://stanislavtolkachev.bandcamp.com/track/delayed-gratification?from=search&search_item_id=1044495234&search_item_type=t&search_match_part=%3F&search_page_id=4854879909&search_page_no=1&search_rank=2&search_sig=e2244e84761acc6430b6a0cac8f55100,
01:22:00,Stanislav Tolkachev,There Is No Cure,[Token],Bandcamp,"from There Is No Cure
                                                    Stanislav Tolkachev",There Is No Cure,https://stanislavtolkachev.bandcamp.com/track/there-is-no-cure?from=search&search_item_id=1880670425&search_item_type=t&search_match_part=%3F&search_page_id=4854879909&search_page_no=1&search_rank=3&search_sig=5b48ad0bc0de1b48dbb2cfa31dd2157a,
01:31:00,Dold,Rottweiler,[Arsenik],Bandcamp,"from Mother EP
                                                    Dold",Rottweiler,https://arsenikrecords.bandcamp.com/track/rottweiler?from=search&search_item_id=1315905213&search_item_type=t&search_match_part=%3F&search_page_id=4854880333&search_page_no=1&search_rank=1&search_sig=3d7c332355f0f3fef63cdd4447da20c3,
01:31:00,Dold,Rottweiler,[Arsenik],Bandcamp,"from Burn
                                                    Hangfire",The Cold,https://hangfirerr.bandcamp.com/track/the-cold?from=search&search_item_id=224705459&search_item_type=t&search_match_part=%3F&search_page_id=4854880333&search_page_no=1&search_rank=2&search_sig=09107efe4f3b26839a69460966f8d38d,
01:31:00,Dold,Rottweiler,[Arsenik],Bandcamp,"from Fleas Naughty Dog Vol. 3
                                                    Rottweiler Records",Better Promises featuring Till I Fall – Cold Christmas,https://rottweilerrecords.bandcamp.com/track/better-promises-featuring-till-i-fall-cold-christmas?from=search&search_item_id=2203992053&search_item_type=t&search_match_part=%3F&search_page_id=4854880333&search_page_no=1&search_rank=3&search_sig=925a65900eee818ed08b7720807aace8,
01:35:00,Dean Grenier,Sweet Dreams,[Omnidisc],Bandcamp,Dean Grenier,Sweet Dreams [OMD025],https://omnidisc.bandcamp.com/album/sweet-dreams-omd025?from=search&search_item_id=2685013794&search_item_type=a&search_match_part=%3F&search_page_id=4854880698&search_page_no=1&search_rank=1&search_sig=e09308ebea55505c9abdf9c0486f1d73,
01:35:00,Dean Grenier,Sweet Dreams,[Omnidisc],Bandcamp,"from Sweet Dreams [OMD025]
                                                    Dean Grenier",Sweet Dreams,https://omnidisc.bandcamp.com/track/sweet-dreams?from=search&search_item_id=4027885155&search_item_type=t&search_match_part=%3F&search_page_id=4854880698&search_page_no=1&search_rank=2&search_sig=265b2ae0d465c32214ca099112901279,
01:35:00,Dean Grenier,Sweet Dreams,[Omnidisc],Bandcamp,"from Sweet Dreams [OMD025]
                                                    Dean Grenier",Radiant Damage,https://omnidisc.bandcamp.com/track/radiant-damage?from=search&search_item_id=489290857&search_item_type=t&search_match_part=%3F&search_page_id=4854880698&search_page_no=1&search_rank=3&search_sig=ade4c4e76d7d9d1a97081d5b82e745a4,
01:40:00,Amandra,Tour Karin,[Affute],Bandcamp,"from AFFT007 - Amandra - Ruban Rouge EP
                                                    Amandra",Tour Karin (Edit Select Remix),https://affute.bandcamp.com/track/tour-karin-edit-select-remix-2?from=search&search_item_id=3443493208&search_item_type=t&search_match_part=%3F&search_page_id=4854881123&search_page_no=1&search_rank=1&search_sig=f73d9a546d7b858c3606c6e415d84285,
01:40:00,Amandra,Tour Karin,[Affute],Bandcamp,"from AFFT007 - Amandra - Ruban Rouge EP
                                                    Amandra",Tour Karin,https://affute.bandcamp.com/track/tour-karin-2?from=search&search_item_id=2085020401&search_item_type=t&search_match_part=%3F&search_page_id=4854881123&search_page_no=1&search_rank=2&search_sig=ee3cd07e31069b2c60aafee9c5716278,
01:40:00,Amandra,Tour Karin,[Affute],Bandcamp,"from AFFT007 - Amandra - Ruban Rouge EP
                                                    Amandra",Tour Karin (Téo Dréan Remix) (Digital Bonus),https://affute.bandcamp.com/track/tour-karin-t-o-dr-an-remix-digital-bonus?from=search&search_item_id=2527742664&search_item_type=t&search_match_part=%3F&search_page_id=4854881123&search_page_no=1&search_rank=3&search_sig=c40c34e05f4b048ce6e9f9840f82fa25,
01:44:00,Scuba,This Is For You,Luke Slater Short Version [Hotflush],Bandcamp,Scuba,This Is For You,https://scubaofficial.bandcamp.com/album/this-is-for-you?from=search&search_item_id=2935775403&search_item_type=a&search_match_part=%3F&search_page_id=4854881503&search_page_no=1&search_rank=1&search_sig=735d6a3945613ac8951eb4a89ab3ab65,
01:44:00,Scuba,This Is For You,Luke Slater Short Version [Hotflush],Bandcamp,Scuba,This Is For You Remixes,https://scubaofficial.bandcamp.com/album/this-is-for-you-remixes?from=search&search_item_id=1229437804&search_item_type=a&search_match_part=%3F&search_page_id=4854881503&search_page_no=1&search_rank=2&search_sig=ae86cce9f59b5adb0162cc00d0b8c4e8,
01:44:00,Scuba,This Is For You,Luke Slater Short Version [Hotflush],Bandcamp,"from This Is For You Remixes
                                                    Scuba",This Is For You (Luke Slater Short Version),https://scubaofficial.bandcamp.com/track/this-is-for-you-luke-slater-short-version?from=search&search_item_id=1830463849&search_item_type=t&search_match_part=%3F&search_page_id=4854881503&search_page_no=1&search_rank=3&search_sig=74c575e62b6dcc2ff271fc93b162efb8,
01:50:00,Shed,Seelower Höhen,[Ostgut Ton],Bandcamp,"from Oderbruch
                                                    Shed",Seelower Höhen,https://shed030.bandcamp.com/track/seelower-h-hen?from=search&search_item_id=2225455219&search_item_type=t&search_match_part=%3F&search_page_id=4854881839&search_page_no=1&search_rank=1&search_sig=e9b4e6cb024943cafaa53673be0d44d6,
01:53:00,Barker,Maximum Utility,[Ostgut Ton],No results found,,,,
02:00:00,Two Lone Swordsmen,It's Not The Worst I've Looked,Lali Puna Remix [Morr],Bandcamp,"from I Thought I Was Over That
                                                    Lali Puna",It's Not The Worst I've Looked (Two Lone Swordsmen - Lali Puna Remix),https://lalipuna.bandcamp.com/track/its-not-the-worst-ive-looked-two-lone-swordsmen-lali-puna-remix?from=search&search_item_id=1691897207&search_item_type=t&search_match_part=%3F&search_page_id=4854882471&search_page_no=1&search_rank=1&search_sig=d982ce65c9db437553b72dbef6b3edcf,
02:00:00,Two Lone Swordsmen,It's Not The Worst I've Looked,Lali Puna Remix [Morr],Bandcamp,"from Tiny Reminders
                                                    Two Lone Swordsmen",It's Not The Worst I've Looked… Just The Most I've Ever Cared,https://warprecords.bandcamp.com/track/its-not-the-worst-ive-looked-just-the-most-ive-ever-cared?from=search&search_item_id=3410908915&search_item_type=t&search_match_part=%3F&search_page_id=4854882471&search_page_no=1&search_rank=2&search_sig=ae9c87f2f38a1325a3813f645e1a6fe6,
00:00:00,Jimi Hendrix,... And The Gods Made Love,[Vanilla OMP],No results found,,,,
00:00:00,Le Groupe Apollo,Les Olmèques,[Wagram],No results found,,,,
00:17:00,Uun,Kenopsia,[Ego Death],Bandcamp,"from Derealization LP
                                                    Uun",Kenopsia,https://egodeathlabel.bandcamp.com/track/kenopsia?from=search&search_item_id=2422453933&search_item_type=t&search_match_part=%3F&search_page_id=4854883887&search_page_no=1&search_rank=1&search_sig=dfa005c35c434410538370ca9e191794,
00:17:00,Uun,Kenopsia,[Ego Death],Bandcamp,༺༼ᢈ ੬? ໗ ℺ ཥ ݳ ގ ਸ਼༽༻,FUN. NELITEY,https://27kenopsia.bandcamp.com/track/fun-nelitey?from=search&search_item_id=2559739222&search_item_type=t&search_match_part=%3F&search_page_id=4854883887&search_page_no=1&search_rank=2&search_sig=003ec401b3d91aa6c6a895ddc6f640e6,
00:17:00,Uun,Kenopsia,[Ego Death],Bandcamp,Hate Engine / Kenopsia,Man Behind The Sun,https://unspacerecords.bandcamp.com/album/man-behind-the-sun?from=search&search_item_id=3771829557&search_item_type=a&search_match_part=%3F&search_page_id=4854883887&search_page_no=1&search_rank=3&search_sig=587145d1f284a3fa81b855d4ac123ab8,
00:25:00,James Ruskin,From The Ashes 1,[Token],Bandcamp,"from From The Ashes
                                                    James Ruskin",From The Ashes 1,https://tokenrecords.bandcamp.com/track/from-the-ashes-1?from=search&search_item_id=1548713719&search_item_type=t&search_match_part=%3F&search_page_id=4854884249&search_page_no=1&search_rank=1&search_sig=7d5ebffb8fd2e10d8a0e8f972ec61833,
00:28:00,Binny,Looper,[LIGN],Bandcamp,"from LIGN02 - Binny - Archives
                                                    Mindcut Music",Looper,https://mindcut.bandcamp.com/track/looper?from=search&search_item_id=3040612514&search_item_type=t&search_match_part=%3F&search_page_id=4854884560&search_page_no=1&search_rank=1&search_sig=8319299c49e725acaca2520bfe926efc,
00:28:00,Binny,Looper,[LIGN],Bandcamp,"from SYNTHESTESIA
                                                    Berzingue, Celdred, Naux, Tam.K, Benny The Kid, Jacssen",Jacssen - Looper,https://dnam.bandcamp.com/track/jacssen-looper?from=search&search_item_id=1749711560&search_item_type=t&search_match_part=%3F&search_page_id=4854884560&search_page_no=1&search_rank=2&search_sig=0a474eb9d7405cb70cae715281f1975e,
00:28:00,Binny,Looper,[LIGN],Bandcamp,Benny and the Pets,Pooper Scooper,https://bennyandthepets.bandcamp.com/album/pooper-scooper?from=search&search_item_id=2651893467&search_item_type=a&search_match_part=%3F&search_page_id=4854884560&search_page_no=1&search_rank=3&search_sig=bb63fea815706395fea7888203b99cbb,
00:34:00,Decoder,XX 12 B2,[Molecular],Bandcamp,"from Decoder - XX 12
                                                    Decoder",Decoder -  XX 12 B2  [MOLXX12D],https://moleculartechno.bandcamp.com/track/decoder-xx-12-b2-molxx12d?from=search&search_item_id=2898156415&search_item_type=t&search_match_part=%3F&search_page_id=4854884833&search_page_no=1&search_rank=1&search_sig=159cb96a51359f794415d437f85aab1d,
00:38:00,Xhin,Time Spiral,[Midnight Shift],Bandcamp,"from SHIFT LTD 001
                                                    Xhin",Time Spiral,https://mnshift.bandcamp.com/track/time-spiral?from=search&search_item_id=717579921&search_item_type=t&search_match_part=%3F&search_page_id=4854885235&search_page_no=1&search_rank=1&search_sig=1815aa3a617d7b4eba8e632906ced9e3,
00:52:00,YUKIMASA,Kyber Crystal,Refracted Remix [Crescent London],Bandcamp,Yukimasa (Incl. remixes from Refracted & Concrete Gold),Kyber Crystal [CRSCNT05],https://crescentlondon.bandcamp.com/album/kyber-crystal-crscnt05?from=search&search_item_id=964292585&search_item_type=a&search_match_part=%3F&search_page_id=4854885645&search_page_no=1&search_rank=1&search_sig=73f30a7802e5894d3a8f031284d6994c,
00:52:00,YUKIMASA,Kyber Crystal,Refracted Remix [Crescent London],Bandcamp,"from Kyber Crystal [CRSCNT05]
                                                    YUKIMASA",Kyber Crystal [CRSCNT05],https://crescentlondon.bandcamp.com/track/kyber-crystal-crscnt05?from=search&search_item_id=1008853862&search_item_type=t&search_match_part=%3F&search_page_id=4854885645&search_page_no=1&search_rank=2&search_sig=f890aa52b0ae6147a7cc2e9f112afb45,
00:52:00,YUKIMASA,Kyber Crystal,Refracted Remix [Crescent London],Bandcamp,"from Kyber Crystal [CRSCNT05]
                                                    YUKIMASA",Dagobah [CRSCNT05],https://crescentlondon.bandcamp.com/track/dagobah-crscnt05?from=search&search_item_id=922002181&search_item_type=t&search_match_part=%3F&search_page_id=4854885645&search_page_no=1&search_rank=3&search_sig=dc486e976bc944a8e9c9f6ce04d96665,
01:03:00,Amotik,Judna02,[AMOTIK],Bandcamp,"from AMTK+001 - Deluka x Amotik
                                                    Deluka, Amotik",Amotik - Judna02,https://amotik.bandcamp.com/track/amotik-judna02?from=search&search_item_id=1671655741&search_item_type=t&search_match_part=%3F&search_page_id=4854886069&search_page_no=1&search_rank=1&search_sig=2e90bdbd9f3b2e8e6036d1f671b22a95,
01:03:00,Amotik,Judna02,[AMOTIK],Bandcamp,"from AMTK+001 - Deluka x Amotik
                                                    Deluka, Amotik",Amotik - Judna01,https://amotik.bandcamp.com/track/amotik-judna01?from=search&search_item_id=921783708&search_item_type=t&search_match_part=%3F&search_page_id=4854886069&search_page_no=1&search_rank=2&search_sig=69a7314349590c35cf100261092fdf4f,
01:12:00,Leiras,Sensitive Data,[Inguma],Bandcamp,"from Cognitive Drop - NGM010
                                                    Leiras",Sensitive Data,https://inguma.bandcamp.com/track/sensitive-data?from=search&search_item_id=481923177&search_item_type=t&search_match_part=%3F&search_page_id=4854886450&search_page_no=1&search_rank=1&search_sig=519c21f6e087259e4e98a96d5b94c62b,
01:19:00,Orphx,Slipping Through My Fingers,[MORD],Bandcamp,"from MORD x RYC
                                                    Various Artists",Orphx - Slipping Through My Fingers,https://reclaimyourcity.bandcamp.com/track/orphx-slipping-through-my-fingers?from=search&search_item_id=1322152328&search_item_type=t&search_match_part=%3F&search_page_id=4854886817&search_page_no=1&search_rank=1&search_sig=ad747704c997e2f929ba46b79920f1f6,
01:19:00,Orphx,Slipping Through My Fingers,[MORD],Bandcamp,"from MORD x RYC
                                                    Orphx",Slipping Through My Fingers,https://mord.bandcamp.com/track/slipping-through-my-fingers?from=search&search_item_id=1240825416&search_item_type=t&search_match_part=%3F&search_page_id=4854886817&search_page_no=1&search_rank=2&search_sig=0742d80af638db07943995c18846227d,
01:19:00,Orphx,Slipping Through My Fingers,[MORD],Bandcamp,Orphx,"Slipping Through My Fingers (Mord / Reclaim Your City, 2023)",https://orphx.bandcamp.com/album/slipping-through-my-fingers-mord-reclaim-your-city-2023?from=search&search_item_id=3074244063&search_item_type=a&search_match_part=%3F&search_page_id=4854886817&search_page_no=1&search_rank=3&search_sig=e592d2b0df72ba0658b804ce2d5bb3d5,
01:23:00,Surgeon,Masks & Archetypes,,Bandcamp,"from Crash Recoil
                                                    Surgeon",Masks & Archetypes,https://dj-surgeon.bandcamp.com/track/masks-archetypes?from=search&search_item_id=3788215377&search_item_type=t&search_match_part=%3F&search_page_id=4854887135&search_page_no=1&search_rank=1&search_sig=6179faa84e9e7d9fa881ee054253617f,
01:32:00,Inter Gritty,You Belong To Me,Lady Starlight Remix [Unitas Multiplex],No results found,,,,
01:35:00,Sebastian Kramer,Tactics,[Content],Bandcamp,Sebastian Kramer,CNT05 – Tactics EP,https://redshape.bandcamp.com/album/cnt05-tactics-ep?from=search&search_item_id=3023471387&search_item_type=a&search_match_part=%3F&search_page_id=4854887881&search_page_no=1&search_rank=1&search_sig=6ea622ddd616c0e645e1821cd6e23fdd,
01:35:00,Sebastian Kramer,Tactics,[Content],Bandcamp,Sebastian Kramer,Principles & Tactics (Remastered),https://redshape.bandcamp.com/album/principles-tactics-remastered?from=search&search_item_id=3728486111&search_item_type=a&search_match_part=%3F&search_page_id=4854887881&search_page_no=1&search_rank=2&search_sig=212cd0c230eece4eb665908e104f6aa8,
01:35:00,Sebastian Kramer,Tactics,[Content],Bandcamp,"from CNT05 – Tactics EP
                                                    Sebastian Kramer",Tactics,https://redshape.bandcamp.com/track/tactics?from=search&search_item_id=4089853713&search_item_type=t&search_match_part=%3F&search_page_id=4854887881&search_page_no=1&search_rank=3&search_sig=f2dae178588f69606ed6ef2c84e7bde8,
01:37:00,Leiras,Ox Emerald,[Ownlife],Bandcamp,"from Odd Glyphs
                                                    Leiras",Ox Emerald,https://ownlife.bandcamp.com/track/ox-emerald?from=search&search_item_id=2515809292&search_item_type=t&search_match_part=%3F&search_page_id=4854888215&search_page_no=1&search_rank=1&search_sig=50016b244a28c2c52775090a4ae88e35,
01:44:00,Pyramidal Decode,Assonanza,[Dynamic Reflection],Bandcamp,"from Sequential Movement EP [TN049]
                                                    Pyramidal Decode",Assonanza,https://dynamicreflection.bandcamp.com/track/assonanza?from=search&search_item_id=565332507&search_item_type=t&search_match_part=%3F&search_page_id=4854888607&search_page_no=1&search_rank=1&search_sig=e4406a3dc740e93d6fd2e3d226421ca8,
01:48:00,Border One,Light Trail,[Token],Bandcamp,Border One,Light Trail EP,https://borderonerecords.bandcamp.com/album/light-trail-ep?from=search&search_item_id=2225558125&search_item_type=a&search_match_part=%3F&search_page_id=4854889103&search_page_no=1&search_rank=1&search_sig=108ec3a7e234eee2c3adf0d4b77bb0c7,
01:48:00,Border One,Light Trail,[Token],Bandcamp,"from Light Trail EP
                                                    Border One",Transmute,https://borderonerecords.bandcamp.com/track/transmute?from=search&search_item_id=1118836596&search_item_type=t&search_match_part=%3F&search_page_id=4854889103&search_page_no=1&search_rank=2&search_sig=79186dae3f6172d9b44b1a9b10f93080,
01:48:00,Border One,Light Trail,[Token],Bandcamp,"from Light Trail EP
                                                    Border One",Prism,https://borderonerecords.bandcamp.com/track/prism?from=search&search_item_id=2629277962&search_item_type=t&search_match_part=%3F&search_page_id=4854889103&search_page_no=1&search_rank=3&search_sig=86c6c48969a3a12ad296d20dec88e98e,
01:54:00,Peter Van Hoesen,Purity Death Spiral,[Time To Express],Bandcamp,"from A Swing Is Not A Throw
                                                    Peter Van Hoesen",Purity Death Spiral,https://timetoexpress.bandcamp.com/track/purity-death-spiral?from=search&search_item_id=3443242037&search_item_type=t&search_match_part=%3F&search_page_id=4854889486&search_page_no=1&search_rank=1&search_sig=e7f7abdb592c0bbb7b71f87a10aa55d8,
01:54:00,Peter Van Hoesen,Purity Death Spiral,[Time To Express],Bandcamp,"from A Swing Is Not A Throw
                                                    Peter Van Hoesen",Purity Death Spiral,https://petervanhoesen.bandcamp.com/track/purity-death-spiral?from=search&search_item_id=1370846755&search_item_type=t&search_match_part=%3F&search_page_id=4854889486&search_page_no=1&search_rank=2&search_sig=2f51bef86367802c2d8684b0fbe9ad3c,
01:59:00,Rrose,Cavity,[Eaux],Bandcamp,Pete Krebs,Sweet Ona Rose,https://petekrebs.bandcamp.com/album/sweet-ona-rose?from=search&search_item_id=1390182780&search_item_type=a&search_match_part=%3F&search_page_id=4854889865&search_page_no=1&search_rank=1&search_sig=1b1cdbd3c314d4fd670604b1f7329520,
01:59:00,Rrose,Cavity,[Eaux],Bandcamp,"from Wedge of Chastity
                                                    Rrose",Cavity,https://eaux.ro/track/cavity?from=search&search_item_id=475081146&search_item_type=t&search_match_part=%3F&search_page_id=4854889865&search_page_no=1&search_rank=2&search_sig=551cf9a700ebf6a12c3b49aaa8872580,
02:05:00,Frank Maurel,Reactor,[Transmit],No results found,,,,
02:10:00,Surgeon,"Convenience Trap, Pt.3",[Dynamic Tension],No results found,,,,
02:12:00,Dimi Angelis,Purple Nightfall,[The Escape Velocity / Axis],Bandcamp,"from Abstract Universe: The Past, Present & Future - ANGLS Digi 004
                                                    Dimi Angélis",Purple Nightfall,https://anglsrecords.bandcamp.com/track/purple-nightfall?from=search&search_item_id=4045778234&search_item_type=t&search_match_part=%3F&search_page_id=4854891094&search_page_no=1&search_rank=1&search_sig=521b936fd4cf7a74c68c6f048c590669,
02:21:00,DJ Shufflemaster,Guiding Light,,Bandcamp,"from EXP
                                                    DJ Shufflemaster",Guiding Light (Digital Bonus),https://tresorberlin.bandcamp.com/track/guiding-light-digital-bonus?from=search&search_item_id=1721177078&search_item_type=t&search_match_part=%3F&search_page_id=4854891536&search_page_no=1&search_rank=1&search_sig=fae8cafe4c1a16fa2d4fcdd1b15943c3,
02:23:00,Deniro,Pelé 4,[Tape Amsterdam],No results found,,,,
00:00:00,Mathias Kaden,Liberate Drums,Vril Remix [Rekids],Bandcamp,Mathias Kaden,Liberate Drums,https://rekids.bandcamp.com/album/liberate-drums?from=search&search_item_id=1142551917&search_item_type=a&search_match_part=%3F&search_page_id=4854892325&search_page_no=1&search_rank=1&search_sig=977827571079f0d3deb65a69c8bd7846,
00:00:00,Mathias Kaden,Liberate Drums,Vril Remix [Rekids],Bandcamp,"from Liberate Drums
                                                    Mathias Kaden",Liberate Drums,https://rekids.bandcamp.com/track/liberate-drums?from=search&search_item_id=2375189127&search_item_type=t&search_match_part=%3F&search_page_id=4854892325&search_page_no=1&search_rank=2&search_sig=494d97d07d222529020d71b41425281a,
00:00:00,Mathias Kaden,Liberate Drums,Vril Remix [Rekids],Bandcamp,"from Liberate Drums
                                                    Mathias Kaden",Helicopter,https://rekids.bandcamp.com/track/helicopter?from=search&search_item_id=2802807000&search_item_type=t&search_match_part=%3F&search_page_id=4854892325&search_page_no=1&search_rank=3&search_sig=e009b983ac46a71baa240efb30671ab9,
00:07:00,Laura BCR,Afterhour,[Konstrukt],Bandcamp,"from How do I get to know you
                                                    Laura BCR",Laura BCR - Afterhour,https://konstruktlabel.bandcamp.com/track/laura-bcr-afterhour?from=search&search_item_id=4226993041&search_item_type=t&search_match_part=%3F&search_page_id=4854892783&search_page_no=1&search_rank=1&search_sig=4bf70177d1ab1b03669eaf4efbabbfa8,
00:10:00,Gotshell,Espectros,[Analog Solutions],Bandcamp,"from ALUCINACIONES EP ASR 064
                                                    GOTSHELL",ESPECTROS,https://analogsolutions.bandcamp.com/track/espectros?from=search&search_item_id=3152002272&search_item_type=t&search_match_part=%3F&search_page_id=4854893194&search_page_no=1&search_rank=1&search_sig=843c2568dac83c951ff541fd33877701,
00:14:00,Polygonia,Hamadryas Amphinome,[Ara],Bandcamp,"from Living Patterns
                                                    Polygonia",Hamadryas Amphinome,https://polygonia.bandcamp.com/track/hamadryas-amphinome?from=search&search_item_id=907479432&search_item_type=t&search_match_part=%3F&search_page_id=4854893601&search_page_no=1&search_rank=1&search_sig=75cf5d74693f7912ca73484b86da1fb3,
00:18:00,Gigi FM,Manas,PST [Bambelabel],Bandcamp,"from Magnetite EP
                                                    GiGi FM",Manas (PST),https://gigifm.bandcamp.com/track/manas-pst?from=search&search_item_id=4187776081&search_item_type=t&search_match_part=%3F&search_page_id=4854894063&search_page_no=1&search_rank=1&search_sig=06717d48af4c2f58b1e2578b14995953,
00:21:00,Ike Release,Timeslip 1,[Protection],No results found,,,,
00:37:00,Exos,Spællt,[X/OZ],Bandcamp,"from XOZ010: Q-Box Remix
                                                    Exos",Spællt,https://xozmusic.bandcamp.com/track/sp-llt?from=search&search_item_id=1334363804&search_item_type=t&search_match_part=%3F&search_page_id=4854894846&search_page_no=1&search_rank=1&search_sig=ca58b8ad0ee7814d4a480253509ea013,
00:37:00,Exos,Spællt,[X/OZ],Bandcamp,"from XOZ010: Q-Box Remix
                                                    Exos",Spællt (Waage Remix),https://xozmusic.bandcamp.com/track/sp-llt-waage-remix?from=search&search_item_id=2790743778&search_item_type=t&search_match_part=%3F&search_page_id=4854894846&search_page_no=1&search_rank=2&search_sig=96f4206e8bece9eead415dfe19320781,
00:40:00,Ike Release,Timeslip 14,[Protection],No results found,,,,
00:00:00,COLA REN,Firefly,[QEONE],Bandcamp,"from Forest Drone
                                                    COLA REN",Firefly,https://qeone.bandcamp.com/track/firefly?from=search&search_item_id=1810458320&search_item_type=t&search_match_part=%3F&search_page_id=4854895671&search_page_no=1&search_rank=1&search_sig=d2c53e6ca10d5d43cf77efa5116b3f86,
00:06:00,The Smoke Clears,Marine,,Bandcamp,"from Listen
                                                    The Smoke Clears",Marine,https://furtherrecords.org/track/marine?from=search&search_item_id=3753481806&search_item_type=t&search_match_part=%3F&search_page_id=4854896117&search_page_no=1&search_rank=1&search_sig=9657d40aa81bd9d2ec616b60e51cdab7,
00:06:00,Oscean,Who Holds The Key?,Digital Bonus,Bandcamp,"from Chronium Radiance
                                                    Oscean",Who Holds the Key? (Digital Bonus),https://tresorberlin.bandcamp.com/track/who-holds-the-key-digital-bonus?from=search&search_item_id=444034420&search_item_type=t&search_match_part=%3F&search_page_id=4854896557&search_page_no=1&search_rank=1&search_sig=78300fa02ec81e7b4613e867682d8f83,
00:10:00,The Fear Ratio,Lonor,[Blueprint],Bandcamp,"from Structures & Solutions 1996-2016
                                                    Various Artists",The Fear Ratio - Lonor,https://blueprintrecords.bandcamp.com/track/the-fear-ratio-lonor?from=search&search_item_id=3148512047&search_item_type=t&search_match_part=%3F&search_page_id=4854896900&search_page_no=1&search_rank=1&search_sig=b24e487eec863881f38422edd5697610,
00:14:00,Micronism,An Unfulfilled Wish,[Loop Media NZ],Bandcamp,"from inside a quiet mind
                                                    micronism",an unfulfilled wish,https://micronism.bandcamp.com/track/an-unfulfilled-wish?from=search&search_item_id=1752128171&search_item_type=t&search_match_part=%3F&search_page_id=4854897193&search_page_no=1&search_rank=1&search_sig=6c3cb8027b6d5e87d0751153fc2e2f9d,
00:17:00,Legowelt,Acing The Test,[Nightwind],Bandcamp,"from Tips For Life
                                                    Legowelt",Acing the Test,https://legowelt.bandcamp.com/track/acing-the-test?from=search&search_item_id=753273367&search_item_type=t&search_match_part=%3F&search_page_id=4854897543&search_page_no=1&search_rank=1&search_sig=d61335f8d45f79ea1227b236d7f262e7,
00:20:00,Boards Of Canada,An Eagle In Your Mind,Consumed And Regurgitated By The P.B.O.Ster! [Warp],Bandcamp,"from Music Has The Right To Children
                                                    Boards of Canada",An Eagle In Your Mind,https://boardsofcanada.bandcamp.com/track/an-eagle-in-your-mind?from=search&search_item_id=1362127566&search_item_type=t&search_match_part=%3F&search_page_id=4854897889&search_page_no=1&search_rank=1&search_sig=5f1b7f084e58d97dcfd8fb0375ed1652,
00:20:00,Boards Of Canada,An Eagle In Your Mind,Consumed And Regurgitated By The P.B.O.Ster! [Warp],Bandcamp,"from Warp10+3 Remixes
                                                    Boards of Canada",An Eagle In Your Mind (Consumed And Regurgitated By The P.B.O.Ster!),https://warprecords.bandcamp.com/track/an-eagle-in-your-mind-consumed-and-regurgitated-by-the-p-b-o-ster-1?from=search&search_item_id=4149168684&search_item_type=t&search_match_part=%3F&search_page_id=4854897889&search_page_no=1&search_rank=2&search_sig=178636e68750797b86469ee6dc80f3f2,
00:25:00,B12,Nautilus Horizon,[Delsin],Bandcamp,"from Orbiting Souls
                                                    B12",Nautilus Horizon,https://b12delsin.bandcamp.com/track/nautilus-horizon?from=search&search_item_id=1886284064&search_item_type=t&search_match_part=%3F&search_page_id=4854898313&search_page_no=1&search_rank=1&search_sig=f249163cc8e7a0511690ffd3b6f681c3,
00:25:00,B12,Nautilus Horizon,[Delsin],Bandcamp,"from Mountain Electrics
                                                    B12",Nautilis Horizon,https://balkanvinyl.bandcamp.com/track/nautilis-horizon?from=search&search_item_id=346211755&search_item_type=t&search_match_part=%3F&search_page_id=4854898313&search_page_no=1&search_rank=2&search_sig=584cd587d3a3ad7e44cc308887d65f86,
00:25:00,B12,Nautilus Horizon,[Delsin],Bandcamp,"from Orbiting Souls [113DSR]
                                                    B12",Nautilus Horizon,https://firescoperecords.bandcamp.com/track/nautilus-horizon?from=search&search_item_id=2692047643&search_item_type=t&search_match_part=%3F&search_page_id=4854898313&search_page_no=1&search_rank=3&search_sig=ac52e43327a359b7d96e82a65495eb39,
00:35:00,dBridge & Forest Drive West,Van Mij,[Exit],No results found,,,,
00:38:00,Autechre,Lowride,[Warp],Bandcamp,"from Incunabula
                                                    Autechre",Lowride,https://autechre.bandcamp.com/track/lowride?from=search&search_item_id=582184194&search_item_type=t&search_match_part=%3F&search_page_id=4854898943&search_page_no=1&search_rank=1&search_sig=1a0258ef6bef142f40360d648f6f3453,
00:43:00,HOMI,Välitila,VC-118A Remix [Patterns Of Perception],Bandcamp,HOMI,Välitila,https://patternsofperception.bandcamp.com/album/v-litila?from=search&search_item_id=1523778656&search_item_type=a&search_match_part=%3F&search_page_id=4854899307&search_page_no=1&search_rank=1&search_sig=ed2c35f44c3322337cb74e5e8153a73e,
00:43:00,HOMI,Välitila,VC-118A Remix [Patterns Of Perception],Bandcamp,"from Välitila
                                                    HOMI",Välitila,https://patternsofperception.bandcamp.com/track/v-litila?from=search&search_item_id=2702186082&search_item_type=t&search_match_part=%3F&search_page_id=4854899307&search_page_no=1&search_rank=2&search_sig=1da653f091a794fceecb04e628cebd73,
00:43:00,HOMI,Välitila,VC-118A Remix [Patterns Of Perception],Bandcamp,"from Välitila
                                                    HOMI",Jokudubi,https://patternsofperception.bandcamp.com/track/jokudubi?from=search&search_item_id=1661212439&search_item_type=t&search_match_part=%3F&search_page_id=4854899307&search_page_no=1&search_rank=3&search_sig=10a67e8a7b96c2c6308f6aab60e80706,
00:54:00,Yoshinori Sunahara,The Center Of Gravity,,No results found,,,,
00:00:00,VC,118A - Specter,,Bandcamp,"from Shift Register LP
                                                    VC-118A",Specter,https://chaindata.bandcamp.com/track/specter?from=search&search_item_id=2892962115&search_item_type=t&search_match_part=%3F&search_page_id=4854900038&search_page_no=1&search_rank=1&search_sig=2610a983cda3fdc0d3d877aa2243e689,
00:00:00,VC,118A - Specter,,Bandcamp,"from TABR036 - VC-118A - Shift Register
                                                    VC-118A",Specter,https://tabernaclerecords.bandcamp.com/track/specter?from=search&search_item_id=485634534&search_item_type=t&search_match_part=%3F&search_page_id=4854900038&search_page_no=1&search_rank=2&search_sig=133b635cb3ec6b8058619ae04e0c0777,
00:02:00,Terrace,Floating Perks,[Delsin],Bandcamp,"from Perks EP
                                                    Terrace",Floating Perks,https://eevo-terrace.bandcamp.com/track/floating-perks?from=search&search_item_id=3131281877&search_item_type=t&search_match_part=%3F&search_page_id=4854900293&search_page_no=1&search_rank=1&search_sig=686bf96c43b1125093bf2912047cd72e,
00:06:00,Stroef,Corpse Run 3,[Boomstraat 1818],Bandcamp,"from Corpse Run
                                                    Stroef",Corpse Run 3,https://boomstraat1818.bandcamp.com/track/corpse-run-3?from=search&search_item_id=1828319971&search_item_type=t&search_match_part=%3F&search_page_id=4854900582&search_page_no=1&search_rank=1&search_sig=a4b82d5f157766abb1c879945e07b62e,
00:10:00,Otodojo,Electrofisher,,Bandcamp,"from Water Story
                                                    otodojo",Electrofisher,https://otodojo.bandcamp.com/track/electrofisher?from=search&search_item_id=1201068451&search_item_type=t&search_match_part=%3F&search_page_id=4854900972&search_page_no=1&search_rank=1&search_sig=962ecd6403058d8d7690d640e6f64642,
00:14:00,Stefan Goldmann,Sweet Protocol,,Bandcamp,"from Tears Of Joy
                                                    Stefan Goldmann",Sweet Protocol,https://macrorec.bandcamp.com/track/sweet-protocol?from=search&search_item_id=3968386478&search_item_type=t&search_match_part=%3F&search_page_id=4854901374&search_page_no=1&search_rank=1&search_sig=d4d984c9b1bc9565041b561d321bbb55,
00:14:00,Stefan Goldmann,Sweet Protocol,,Bandcamp,"from Tears Of Joy
                                                    Stefan Goldmann",Sweet Protocol,https://stefangoldmann.bandcamp.com/track/sweet-protocol?from=search&search_item_id=1160127629&search_item_type=t&search_match_part=%3F&search_page_id=4854901374&search_page_no=1&search_rank=2&search_sig=8a890854584475d8e28bce03040c7532,
00:18:00,Oisel & Jonas Kopp,1.CO.LAB 08A,[Tremsix],Bandcamp,"from CO.LAB 008 EP
                                                    Oisel & Jonas Kopp",CO.LAB 008A,https://tremsix.bandcamp.com/track/co-lab-008a?from=search&search_item_id=2923876407&search_item_type=t&search_match_part=%3F&search_page_id=4854901728&search_page_no=1&search_rank=1&search_sig=7e92a4d0a1c05222dbe61ce7cdea9fb3,
00:23:00,Museum,President,,Bandcamp,President Bomber,A Night at the Punk Rock Museum,https://presidentbomber.bandcamp.com/track/a-night-at-the-punk-rock-museum?from=search&search_item_id=116998038&search_item_type=t&search_match_part=%3F&search_page_id=4854902066&search_page_no=1&search_rank=1&search_sig=7e107130a1f8be8ff274172792a626df,
00:23:00,Museum,President,,Bandcamp,"from Contraptions Part 2
                                                    Museum",President,https://indigo-aera.bandcamp.com/track/president?from=search&search_item_id=2258904855&search_item_type=t&search_match_part=%3F&search_page_id=4854902066&search_page_no=1&search_rank=2&search_sig=b6585eeacaed4480be151280611d063e,
00:23:00,Museum,President,,Bandcamp,Crystal Bridges Museum of American Art,Welcome from the President of Fisk University,https://crystalbridges.bandcamp.com/track/welcome-from-the-president-of-fisk-university?from=search&search_item_id=129359390&search_item_type=t&search_match_part=%3F&search_page_id=4854902066&search_page_no=1&search_rank=3&search_sig=444fec7f6b7bc5927e1535ca668d0731,
00:28:00,Philippe Petit,Strange Luck,[(MS)],Bandcamp,"from MS08 V/A - The Replacements
                                                    Gonzalo MD, Philippe Petit, Myles Sergé, Mike Derer",Philippe Petit - Strange Luck,https://mylesserge.bandcamp.com/track/philippe-petit-strange-luck?from=search&search_item_id=2727922568&search_item_type=t&search_match_part=%3F&search_page_id=4854902421&search_page_no=1&search_rank=1&search_sig=b7d20d74ca719797e7a6babc4aa22026,
00:32:00,Aubrey,Gravitational Lensing,[OUT-ER],Bandcamp,Aubrey,Gravitational Lensing LP,https://outelectronicrecordings.bandcamp.com/album/gravitational-lensing-lp?from=search&search_item_id=3291964323&search_item_type=a&search_match_part=%3F&search_page_id=4854902887&search_page_no=1&search_rank=1&search_sig=26c7b66e8ba9b4e8371e08a76791e6c0,
00:32:00,Aubrey,Gravitational Lensing,[OUT-ER],Bandcamp,"from Gravitational Lensing LP
                                                    Aubrey",Orbit Of Oberon,https://outelectronicrecordings.bandcamp.com/track/orbit-of-oberon?from=search&search_item_id=661941392&search_item_type=t&search_match_part=%3F&search_page_id=4854902887&search_page_no=1&search_rank=2&search_sig=fec319e172f426874c9da2264a7d8dcb,
00:32:00,Aubrey,Gravitational Lensing,[OUT-ER],Bandcamp,"from Gravitational Lensing LP
                                                    Aubrey",Elara Passing,https://outelectronicrecordings.bandcamp.com/track/elara-passing?from=search&search_item_id=1857967672&search_item_type=t&search_match_part=%3F&search_page_id=4854902887&search_page_no=1&search_rank=3&search_sig=86c7e9edafd3039237225b6605b80150,
00:36:00,Dietrich Schoenemann aka Marduk,Space Cake (1997),2023 Remaster [Sonic Groove],No results found,,,,
00:40:00,Neel,Azione,[Spazio Disponibile],Bandcamp,"from Movimento EP
                                                    Neel",Azione,https://neel.bandcamp.com/track/azione?from=search&search_item_id=106947202&search_item_type=t&search_match_part=%3F&search_page_id=4854903651&search_page_no=1&search_rank=1&search_sig=bec4ff922ba2a4c2625013e18471042d,
00:40:00,Neel,Azione,[Spazio Disponibile],Bandcamp,"from Feel's Like 1995
                                                    Dominant 1",16.Zione feat Dizzo,https://dominant1.bandcamp.com/track/16-zione-feat-dizzo?from=search&search_item_id=3507690203&search_item_type=t&search_match_part=%3F&search_page_id=4854903651&search_page_no=1&search_rank=2&search_sig=154cec7857dc0bff0ed725f1fbe861bb,
00:40:00,Neel,Azione,[Spazio Disponibile],Bandcamp,"from SERVI
                                                    Heute Nebel",(In)Azione,https://heutenebel.bandcamp.com/track/in-azione?from=search&search_item_id=2593090826&search_item_type=t&search_match_part=%3F&search_page_id=4854903651&search_page_no=1&search_rank=3&search_sig=ebd85a1f4fa48cf92eb867de7d4159ec,
00:44:00,Vince Watson,Abstractions,The 65D Mavericks Reshape [Bio],Bandcamp,"from Bio - The Complete Collection (Remastered)
                                                    Vince Watson",Abstraction (65d Mavericks Remix),https://vincewatson.bandcamp.com/track/abstraction-65d-mavericks-remix?from=search&search_item_id=69113557&search_item_type=t&search_match_part=%3F&search_page_id=4854903991&search_page_no=1&search_rank=1&search_sig=2b49defbd9bf740018446f3a4623ae15,
00:44:00,Vince Watson,Abstractions,The 65D Mavericks Reshape [Bio],Bandcamp,"from Bio - The Complete Collection (Remastered)
                                                    Vince Watson",Abstraction 2,https://vincewatson.bandcamp.com/track/abstraction-2?from=search&search_item_id=53016214&search_item_type=t&search_match_part=%3F&search_page_id=4854903991&search_page_no=1&search_rank=2&search_sig=c4b9ccd5d8fb264fac933fc1e70747ce,
00:44:00,Vince Watson,Abstractions,The 65D Mavericks Reshape [Bio],Bandcamp,"from Bio - The Complete Collection (Remastered)
                                                    Vince Watson",Abstraction,https://vincewatson.bandcamp.com/track/abstraction?from=search&search_item_id=3148007407&search_item_type=t&search_match_part=%3F&search_page_id=4854903991&search_page_no=1&search_rank=3&search_sig=d44dff9d4a319147d45b11196be09ae9,
00:47:00,Ruben Ganev,Swirl,,Bandcamp,"from Collector's Series | 11
                                                    Ruben Ganev",Ruben Ganev - Swirl [mldcs011],https://mouldaudio.bandcamp.com/track/ruben-ganev-swirl-mldcs011?from=search&search_item_id=1190691966&search_item_type=t&search_match_part=%3F&search_page_id=4854904423&search_page_no=1&search_rank=1&search_sig=cc54a8b6e5c06e01ca6f8bacc885d5dd,
00:52:00,Mathys Lenne,Pulsation,,Bandcamp,"from Developer
                                                    Mathys Lenne",Pulsation,https://orberecords.bandcamp.com/track/pulsation?from=search&search_item_id=3987835784&search_item_type=t&search_match_part=%3F&search_page_id=4854904746&search_page_no=1&search_rank=1&search_sig=e4bd33529bde5b4f72807dd59855baf3,
00:57:00,Boddika,Wavelights,[Aura Dinamica],Bandcamp,"from Speed + Noise pt.1
                                                    Boddika",Wavelights,https://auradinamica.bandcamp.com/track/wavelights?from=search&search_item_id=710760258&search_item_type=t&search_match_part=%3F&search_page_id=4854905149&search_page_no=1&search_rank=1&search_sig=be720b48f05ec4c091974fb1f18e729a,
01:00:00,Mistaken Identity,Nodes,Clint Foster Remix,Bandcamp,"from A Different World (SW124)
                                                    Mistaken Identity",Nodes (Clint Foster Mix),https://synewaverecords.bandcamp.com/track/nodes-clint-foster-mix?from=search&search_item_id=284464738&search_item_type=t&search_match_part=%3F&search_page_id=4854905603&search_page_no=1&search_rank=1&search_sig=1a4bbef4d1171cfa4e847ead79b1b502,
01:03:00,Reeko,Nolan Con Miel,[Mental Disorder],Bandcamp,"from Early Homeworks - 2002
                                                    Reeko",Nolan Con Miel,https://reeko-mdisorder.bandcamp.com/track/nolan-con-miel?from=search&search_item_id=558776911&search_item_type=t&search_match_part=%3F&search_page_id=4854906103&search_page_no=1&search_rank=1&search_sig=37ea00ce2d27ddaf108cacaa0c177ae8,
01:06:00,Tam Nisan,1000xSuns,,No results found,,,,
01:19:00,Demian,Last Chance,,Bandcamp,"from Recuerdos
                                                    Demian",Last Chance,https://demian-baile.bandcamp.com/track/last-chance?from=search&search_item_id=3286960565&search_item_type=t&search_match_part=%3F&search_page_id=4854906987&search_page_no=1&search_rank=1&search_sig=1bc0edec0a9e3dfe4fa946bc88b943e0,
01:19:00,Demian,Last Chance,,Bandcamp,"from Conga Up!
                                                    Demian",Last Chance (Dub),https://demian-baile.bandcamp.com/track/last-chance-dub?from=search&search_item_id=3645450888&search_item_type=t&search_match_part=%3F&search_page_id=4854906987&search_page_no=1&search_rank=2&search_sig=71764155bc2ee9619956f25ed39c8ad3,
01:19:00,Demian,Last Chance,,Bandcamp,"from Rocket Jr. Jr.'s Fast Edits VOL. 3
                                                    djrocketjrjr",Damian Marley - Stand A Chance  + couldubeloved ) (rocket fast edit),https://icecoldjonzy.bandcamp.com/track/damian-marley-stand-a-chance-couldubeloved-rocket-fast-edit?from=search&search_item_id=198133523&search_item_type=t&search_match_part=%3F&search_page_id=4854906987&search_page_no=1&search_rank=3&search_sig=3c6ed41585174278b71853843e8cff26,
01:24:00,Fadi Mohem,Thrust,[Mohem],Bandcamp,"from MOHEM 02
                                                    Fadi Mohem",Thrust,https://fadimohem.bandcamp.com/track/thrust?from=search&search_item_id=2107180342&search_item_type=t&search_match_part=%3F&search_page_id=4854907406&search_page_no=1&search_rank=1&search_sig=94ec4565fa88de909d4678c5d2615451,
01:31:00,Mosam Howieson,XEN03,[Protection],Bandcamp,"from Mosam Howieson - PTC4
                                                    Protection",XEN03,https://protection1.bandcamp.com/track/xen03?from=search&search_item_id=4103446599&search_item_type=t&search_match_part=%3F&search_page_id=4854907757&search_page_no=1&search_rank=1&search_sig=4b2c5299bfe7ed08b691e2baa5f8e7bd,
01:31:00,Mosam Howieson,XEN03,[Protection],Bandcamp,"from Mosam Howieson - PTC4
                                                    Protection",XEN04,https://protection1.bandcamp.com/track/xen04?from=search&search_item_id=1790375616&search_item_type=t&search_match_part=%3F&search_page_id=4854907757&search_page_no=1&search_rank=2&search_sig=58187eccb23368bf11d0755f6a1bf611,
01:31:00,Mosam Howieson,XEN03,[Protection],Bandcamp,"from Mosam Howieson - PTC4
                                                    Protection",XEN02,https://protection1.bandcamp.com/track/xen02?from=search&search_item_id=1373844008&search_item_type=t&search_match_part=%3F&search_page_id=4854907757&search_page_no=1&search_rank=3&search_sig=b94a6ec09c95fe9ab4902f8545239888,
01:37:00,Bart Van Rijn,Glacial,Skudge Remix [STUG],Bandcamp,"from Storm EP
                                                    Bart van Rijn",Glacial (Skudge Remix),https://stugmusic.bandcamp.com/track/glacial-skudge-remix?from=search&search_item_id=115432145&search_item_type=t&search_match_part=%3F&search_page_id=4854908204&search_page_no=1&search_rank=1&search_sig=f82d6d14c3ad6e581c77841707d0d239,
01:37:00,Bart Van Rijn,Glacial,Skudge Remix [STUG],Bandcamp,"from Storm EP
                                                    Bart van Rijn",Glacial (Terrace mix),https://bartvanrijn.bandcamp.com/track/glacial-terrace-mix?from=search&search_item_id=969457200&search_item_type=t&search_match_part=%3F&search_page_id=4854908204&search_page_no=1&search_rank=2&search_sig=4163b90d884f1d7277a8c9ef0f57e655,
01:37:00,Bart Van Rijn,Glacial,Skudge Remix [STUG],Bandcamp,"from Storm EP
                                                    Bart van Rijn",Glacial (Terrace mix),https://stugmusic.bandcamp.com/track/glacial-terrace-mix?from=search&search_item_id=4291654198&search_item_type=t&search_match_part=%3F&search_page_id=4854908204&search_page_no=1&search_rank=3&search_sig=9ffee34b128a9a7a3792213123ff9817,
01:41:00,Charles Green,Clear Insight,,No results found,,,,
01:46:00,Untold,Motion The Dance,[Hemlock],Bandcamp,"from HEK016 - Untold - Change in a Dynamic Environment EP
                                                    Untold",Motion the Dance,https://untoldhemlock.bandcamp.com/track/motion-the-dance?from=search&search_item_id=3079863865&search_item_type=t&search_match_part=%3F&search_page_id=4854909070&search_page_no=1&search_rank=1&search_sig=1845d5b937ecab01eb82a9711d5e5fe8,
01:46:00,Untold,Motion The Dance,[Hemlock],Bandcamp,"from Paul Woolford - The Lab 04 (Unmixed)
                                                    Untold",Motion The Dance,https://nickharris1.bandcamp.com/track/motion-the-dance?from=search&search_item_id=1626070692&search_item_type=t&search_match_part=%3F&search_page_id=4854909070&search_page_no=1&search_rank=2&search_sig=3685e56e182037f6d260c5e39c0d2248,
01:51:00,Bleak,Essex,[Uncage],Bandcamp,"from Haiko
                                                    Bleak",Essex (Original Mix),https://uncagemusiclabel.bandcamp.com/track/essex-original-mix?from=search&search_item_id=200455742&search_item_type=t&search_match_part=%3F&search_page_id=4854909413&search_page_no=1&search_rank=1&search_sig=2fe29d8f1cbd6ecac67e227c267bb1a1,
01:56:00,Plant 43,Emerald Shift,,Bandcamp,"from Concrete Echo
                                                    Plant43",Emerald Shift,https://plant43.bandcamp.com/track/emerald-shift?from=search&search_item_id=142022765&search_item_type=t&search_match_part=%3F&search_page_id=4854909830&search_page_no=1&search_rank=1&search_sig=2f17a77eab9e930a6b7f764b6a899a10,
00:02:00,Khidja,Haetrin,[Hivern Discs],Bandcamp,"from Khidja Impossible Holiday Remixes
                                                    Khidja",B1. “Haetrin” (John Talabot’s Late Remix),https://khidja.bandcamp.com/track/b1-haetrin-john-talabot-s-late-remix?from=search&search_item_id=724192541&search_item_type=t&search_match_part=%3F&search_page_id=4854910232&search_page_no=1&search_rank=1&search_sig=58b46e1c92352d313e0b6d03bd6460df,
00:02:00,Khidja,Haetrin,[Hivern Discs],Bandcamp,"from Khidja Impossible Holiday Remixes
                                                    Khidja",A2. “Haetrin” (John Talabot’s Early Remix),https://khidja.bandcamp.com/track/a2-haetrin-john-talabot-s-early-remix?from=search&search_item_id=4261596874&search_item_type=t&search_match_part=%3F&search_page_id=4854910232&search_page_no=1&search_rank=2&search_sig=87cabd8aef04aa2bca3787e229b8be18,
00:02:00,Khidja,Haetrin,[Hivern Discs],Bandcamp,"from Impossible Holiday
                                                    Khidja",Hætrin,https://khidja.bandcamp.com/track/h-trin?from=search&search_item_id=2842470002&search_item_type=t&search_match_part=%3F&search_page_id=4854910232&search_page_no=1&search_rank=3&search_sig=7b57e9579bda5c9f4aa2feb0df7fd627,
00:18:00,Shokh,"E Loves The Bassid, Too",,Bandcamp,"from Flowers Dope
                                                    Shokh","E Loves The Bassid, Too",https://shokh.bandcamp.com/track/e-loves-the-bassid-too?from=search&search_item_id=1874453294&search_item_type=t&search_match_part=%3F&search_page_id=4854910748&search_page_no=1&search_rank=1&search_sig=4cc8c4c7a36f335c7a07b16002a5777a,
00:18:00,Shokh,"E Loves The Bassid, Too",,Bandcamp,"from Flowers Dope (Remixes)
                                                    Shokh","E Loves the Bassid, Too (DJ Emerson Remix)",https://shokh.bandcamp.com/track/e-loves-the-bassid-too-dj-emerson-remix?from=search&search_item_id=2524055538&search_item_type=t&search_match_part=%3F&search_page_id=4854910748&search_page_no=1&search_rank=2&search_sig=19d372334747b86d0b811e6d43956997,
00:22:00,Oscean,Blaster Imploder,,Bandcamp,"from Chronium Radiance
                                                    Oscean",Blaster Imploder,https://tresorberlin.bandcamp.com/track/blaster-imploder?from=search&search_item_id=2100343025&search_item_type=t&search_match_part=%3F&search_page_id=4854911204&search_page_no=1&search_rank=1&search_sig=830a42cc6b5d4a0a41bd9663dffe351b,
00:44:00,Luke Hess,Sovereign,Hotmix,Bandcamp,"from Luke Hess - Deep Calls To Deep EP
                                                    HOTMIX RECORDS / NICK ANTHONY SIMONCINO",Sovereign,https://hotmixrecords.bandcamp.com/track/sovereign?from=search&search_item_id=1355745621&search_item_type=t&search_match_part=%3F&search_page_id=4854911593&search_page_no=1&search_rank=1&search_sig=4985a8fdce9078a8d80cf8a9762ff4e1,
00:44:00,Luke Hess,Sovereign,Hotmix,Bandcamp,"from HM026
                                                    Luke Hess",Sovereign,https://dbh-music.bandcamp.com/track/sovereign?from=search&search_item_id=636476708&search_item_type=t&search_match_part=%3F&search_page_id=4854911593&search_page_no=1&search_rank=2&search_sig=cbc5880cb9dcbc7e081c01c8bb805eeb,
00:48:00,Luna Ludmila,Hoisin Dreams,[Something Happening Somewhere],Bandcamp,Luna Ludmila,Hoisin Dreams,https://sohaso.bandcamp.com/album/hoisin-dreams?from=search&search_item_id=1895774705&search_item_type=a&search_match_part=%3F&search_page_id=4854911965&search_page_no=1&search_rank=1&search_sig=23a2723d4c3ee88eddf1e9eec4c234dd,
00:48:00,Luna Ludmila,Hoisin Dreams,[Something Happening Somewhere],Bandcamp,"from Hoisin Dreams
                                                    Luna Ludmila",Hoisin Dreams,https://sohaso.bandcamp.com/track/hoisin-dreams?from=search&search_item_id=64577913&search_item_type=t&search_match_part=%3F&search_page_id=4854911965&search_page_no=1&search_rank=2&search_sig=8c8c7ce91b3f9f25ab2d2ab5396dee7d,
00:48:00,Luna Ludmila,Hoisin Dreams,[Something Happening Somewhere],Bandcamp,"from Hoisin Dreams
                                                    Luna Ludmila",Waterkant,https://sohaso.bandcamp.com/track/waterkant?from=search&search_item_id=3151257365&search_item_type=t&search_match_part=%3F&search_page_id=4854911965&search_page_no=1&search_rank=3&search_sig=5fa1bcf134400f8f49c5996da61082c2,
00:53:00,Photonz,Clarity,[Solar Phenomena],Bandcamp,"from Estrangement
                                                    Photonz",Photonz - Clarity,https://solarphenomenamusic.bandcamp.com/track/photonz-clarity?from=search&search_item_id=1596008825&search_item_type=t&search_match_part=%3F&search_page_id=4854912366&search_page_no=1&search_rank=1&search_sig=f3f58cec01ee98b2e23b6bacee54330d,
00:53:00,Photonz,Clarity,[Solar Phenomena],Bandcamp,"from Holding Fast
                                                    Clarity",Photine,https://clarityharp.bandcamp.com/track/photine?from=search&search_item_id=3471554610&search_item_type=t&search_match_part=%3F&search_page_id=4854912366&search_page_no=1&search_rank=2&search_sig=2b74f50979be47c1d77fbe21df322a01,
00:58:00,Alphonse,Xanax 123,[Klasse Wrecks],Bandcamp,"from ""Brainstorming"" EP
                                                    Alphonse",Xanax 123,https://klassewrecks.bandcamp.com/track/xanax-123?from=search&search_item_id=1777054273&search_item_type=t&search_match_part=%3F&search_page_id=4854912739&search_page_no=1&search_rank=1&search_sig=ac075f05404216cb21fc01814f9488b5,
01:04:00,Floppy Sounds,Counter Attack,[WaveTec],No results found,,,,
01:09:00,Inga Mauer,Basement Rome,[Bad Manners],Bandcamp,"from BM6
                                                    Inga Mauer",Basement Rome,https://badmannersrecords.bandcamp.com/track/basement-rome?from=search&search_item_id=1776599719&search_item_type=t&search_match_part=%3F&search_page_id=4854913437&search_page_no=1&search_rank=1&search_sig=a05e8813ce1f26dc4a812baa3d314f7d,
01:18:00,Photonz,Weird Perc,[Solar Phenomena],Bandcamp,"from Estrangement
                                                    Photonz",Photonz - Weird Perc,https://solarphenomenamusic.bandcamp.com/track/photonz-weird-perc?from=search&search_item_id=286409419&search_item_type=t&search_match_part=%3F&search_page_id=4854913824&search_page_no=1&search_rank=1&search_sig=6a7c5ee7a32571c227cb79aa45fd16a7,
01:21:00,Alden Tyrell,Tntus,,Bandcamp,Alden Tyrell,Rush / Tntus,https://clonebasementseries.bandcamp.com/album/rush-tntus?from=search&search_item_id=4039882052&search_item_type=a&search_match_part=%3F&search_page_id=4854914135&search_page_no=1&search_rank=1&search_sig=8128480d45f553848607d1c87f664bbd,
01:21:00,Alden Tyrell,Tntus,,Bandcamp,"from Rush / Tntus
                                                    Alden Tyrell",Rush,https://clonebasementseries.bandcamp.com/track/rush?from=search&search_item_id=202292600&search_item_type=t&search_match_part=%3F&search_page_id=4854914135&search_page_no=1&search_rank=2&search_sig=cd6bc61128618a52fbc407664e3de699,
01:21:00,Alden Tyrell,Tntus,,Bandcamp,"from Rush / Tntus
                                                    Alden Tyrell",Tntus,https://clonebasementseries.bandcamp.com/track/tntus?from=search&search_item_id=3097564101&search_item_type=t&search_match_part=%3F&search_page_id=4854914135&search_page_no=1&search_rank=3&search_sig=e958e349bacd7b14842266af21128f9b,
01:26:00,ANF & Priori & Dust,E-1 - Mauna Kea,[Pacific Rhythm],No results found,,,,
01:30:00,Wax,70007B,,Bandcamp,"from WAX70007
                                                    WAX",WAX70007B,https://wax10001.bandcamp.com/track/wax70007b?from=search&search_item_id=3857135315&search_item_type=t&search_match_part=%3F&search_page_id=4854914915&search_page_no=1&search_rank=1&search_sig=5584449e55d6ce51e05c46b131b918b4,
01:30:00,Wax,70007B,,Bandcamp,WAX,WAX70007,https://wax10001.bandcamp.com/album/wax70007?from=search&search_item_id=4148711921&search_item_type=a&search_match_part=%3F&search_page_id=4854914915&search_page_no=1&search_rank=2&search_sig=0e9a828b48d3b7e2908f3a203cdc2841,
01:30:00,Wax,70007B,,Bandcamp,"from WAX70007
                                                    WAX",WAX70007A,https://wax10001.bandcamp.com/track/wax70007a?from=search&search_item_id=2491317617&search_item_type=t&search_match_part=%3F&search_page_id=4854914915&search_page_no=1&search_rank=3&search_sig=8ec4f6551c19b9105769c3ac4b327abf,
01:47:00,Julie Marghilano,Walking Dub,[Rawax],Bandcamp,"from RAWAX025LTD
                                                    Julie Marghilano",Walking Dub,https://dbh-music.bandcamp.com/track/walking-dub?from=search&search_item_id=2706843570&search_item_type=t&search_match_part=%3F&search_page_id=4854915219&search_page_no=1&search_rank=1&search_sig=5e83fa36a86ba37b18203a7dcd0d7e81,
